id,first_name,last_name,email,gender,age,car,job,favourite_film
1,Francesca,O'Cooney,focooney0@behance.net,Female,33,Opel,Professor,Drama
2,Ezmeralda,McCurtin,emccurtin1@icio.us,Female,31,Renault,Desktop Support Technician,Drama
3,Chloe,Berrygun,cberrygun2@icq.com,Female,60,Renault,Geologist II,Thriller
4,Ronna,Bointon,rbointon3@nasa.gov,Female,53,Renault,Senior Editor,Horror
5,Pat,Pirrie,ppirrie4@php.net,Male,46,Renault,Associate Professor,Thriller
6,Eal,Thowes,ethowes5@cnet.com,Male,52,Renault,Geologist III,Thriller
7,Claiborne,Harback,charback6@kickstarter.com,Male,61,Ford,Assistant Media Planner,Horror
8,Alford,Lorenzetti,alorenzetti7@wikipedia.org,Male,44,Opel,Web Designer II,Drama
9,Irma,Whitnell,iwhitnell8@etsy.com,Female,44,Fiat,Automation Specialist III,Thriller
10,Gay,Bow,gbow9@typepad.com,Male,35,Opel,Assistant Media Planner,Thriller
11,Monro,Everal,meverala@psu.edu,Male,52,Opel,Assistant Professor,Thriller
12,Dugald,Durrand,ddurrandb@vinaora.com,Male,78,Ford,Research Nurse,Thriller
13,Kaja,Scherme,kschermec@comcast.net,Female,80,Opel,Data Coordiator,Thriller
14,Lawton,Christene,lchristened@github.io,Male,63,Renault,Marketing Assistant,Drama
15,Harmonie,Joll,hjolle@wisc.edu,Female,80,Renault,Dental Hygienist,Drama
16,Etheline,Alyonov,ealyonovf@latimes.com,Female,76,Renault,Structural Analysis Engineer,Thriller
17,Blithe,Grinyakin,bgrinyaking@unc.edu,Female,48,Renault,Administrative Assistant III,Drama
18,Rosanne,Tuke,rtukeh@netscape.com,Female,58,Ford,VP Quality Control,Drama
19,Courtnay,Gawthorp,cgawthorpi@wufoo.com,Male,59,Fiat,Recruiting Manager,Thriller
20,Hildegarde,Siemens,hsiemensj@biglobe.ne.jp,Female,51,Opel,Account Representative IV,Thriller
